"POSTALCODE","year","n_checklists","species_richness"
"L0L1K0","2013",2,10
"L0L1K0","2014",2,12
"L0L1K0","2015",1,1
"L0L1K0","2016",1,23
"L0L1K0","2017",6,38
"L0L1K0","2018",2,19
"L0L1K0","2019",7,70
"L0L1K0","2020",2,26
"L0L1K0","2021",8,24
"L0L1L0","2009",1,6
"L0L1L0","2011",1,1
"L0L1L0","2012",3,9
"L0L1L0","2013",15,30
"L0L1L0","2014",11,35
"L0L1L0","2015",8,17
"L0L1L0","2016",13,45
"L0L1L0","2017",5,33
"L0L1L0","2018",7,14
"L0L1L0","2019",10,40
"L0L1L0","2020",5,29
"L0L1L0","2021",7,15
"L0L1P0","2010",1,2
"L0L1P0","2012",3,20
"L0L1P0","2013",4,5
"L0L1P0","2014",14,47
"L0L1P0","2015",13,49
"L0L1P0","2016",15,88
"L0L1P0","2017",81,128
"L0L1P0","2018",157,162
"L0L1P0","2019",105,164
"L0L1P0","2020",125,161
"L0L1P0","2021",37,30
"L0L1P1","2020",1,5
"L0L1R0","2013",3,19
"L0L1R0","2014",3,12
"L0L1R0","2015",5,7
"L0L1R0","2016",4,23
"L0L1R0","2017",1,7
"L0L1R0","2018",4,39
"L0L1R0","2019",8,44
"L0L1R0","2020",8,34
"L0L1R0","2021",1,5
"L0L1V0","2013",1,5
"L0L1V0","2015",1,1
"L0L1V0","2018",4,27
"L0L1V0","2019",1,13
"L0L1V0","2020",4,21
"L0L1V0","2021",1,6
"L0L1W0","2011",2,10
"L0L1W0","2013",1,35
"L0L1W0","2014",1,28
"L0L1W0","2015",1,13
"L0L1W0","2019",1,1
"L0L2K0","2012",2,4
"L0L2K0","2013",2,10
"L0L2K0","2014",18,30
"L0L2K0","2015",6,71
"L0L2K0","2016",2,18
"L0L2K0","2017",3,18
"L0L2K0","2018",54,117
"L0L2K0","2019",32,84
"L0L2K0","2020",60,67
"L0L2K0","2021",4,12
"L0L2N0","2019",1,2
"L0M1B4","2015",2,15
"L0M1B4","2019",1,1
"L0M1N0","2012",6,63
"L0M1N0","2013",13,108
"L0M1N0","2014",19,113
"L0M1N0","2015",12,95
"L0M1N0","2016",26,115
"L0M1N0","2017",23,128
"L0M1N0","2018",24,107
"L0M1N0","2019",21,126
"L0M1N0","2020",14,81
"L0M1N0","2021",6,31
"L0M1S0","2012",1,5
"L0M1S0","2015",4,9
"L0M1S0","2016",5,9
"L0M1S0","2017",1,3
"L0M1S0","2018",12,18
"L0M1S0","2019",13,35
"L0M1S0","2020",13,36
"L0M1S0","2021",5,17
"L0M1T0","2012",2,3
"L0M1T0","2013",2,25
"L0M1T0","2014",2,4
"L0M1T0","2015",1,1
"L0M1T0","2016",1,6
"L0M1T0","2017",3,14
"L0M1T0","2018",3,11
"L0M1T0","2020",1,5
"L0M1T2","2010",2,21
"L0M1T2","2011",5,69
"L0M1T2","2012",1,16
"L0M1T2","2013",14,61
"L0M1T2","2014",18,79
"L0M1T2","2015",22,75
"L0M1T2","2016",40,96
"L0M1T2","2017",37,91
"L0M1T2","2018",53,112
"L0M1T2","2019",53,106
"L0M1T2","2020",66,91
"L0M1T2","2021",4,10
"L4M0A2","2020",2,16
"L4M0C2","2019",1,3
"L4M0C3","2019",1,4
"L4M0C5","2018",4,24
"L4M0C5","2019",1,12
"L4M0C5","2020",6,31
"L4M0C5","2021",5,20
"L4M0C8","2019",1,4
"L4M0E1","2021",3,15
"L4M0G6","2019",1,7
"L4M0J2","2019",15,25
"L4M0J2","2020",1,4
"L4M0J7","2019",1,5
"L4M0J8","2014",1,1
"L4M0J8","2019",1,1
"L4M1A4","2019",1,4
"L4M1A7","2019",1,1
"L4M1A7","2020",1,2
"L4M1A7","2021",1,9
"L4M1B3","2013",1,7
"L4M1B8","2015",1,13
"L4M1B8","2016",1,17
"L4M1B8","2020",2,18
"L4M1C1","2020",1,4
"L4M1C4","2019",1,5
"L4M1C4","2020",2,14
"L4M1C5","2019",2,25
"L4M1C8","2020",1,3
"L4M1C9","2017",1,18
"L4M1E1","2007",3,19
"L4M1E1","2008",2,9
"L4M1E1","2009",1,18
"L4M1E1","2013",1,18
"L4M1E1","2014",1,24
"L4M1E1","2020",1,14
"L4M1G7","2017",1,3
"L4M1G7","2020",1,4
"L4M1H6","2011",1,1
"L4M1H7","2020",1,2
"L4M1J9","2020",1,11
"L4M1K3","2016",1,15
"L4M1K3","2019",1,18
"L4M1K4","2021",1,1
"L4M1L7","2016",1,1
"L4M1M1","2018",3,9
"L4M1M1","2019",1,4
"L4M1M1","2020",2,8
"L4M1N2","2020",1,13
"L4M1N3","2019",1,5
"L4M1S1","2014",4,6
"L4M1S1","2015",2,9
"L4M1S1","2018",1,10
"L4M1S1","2020",4,24
"L4M1S3","2019",1,9
"L4M1S9","2019",2,19
"L4M1S9","2020",1,3
"L4M1W5","2020",4,21
"L4M1W6","2018",1,2
"L4M1W6","2019",30,25
"L4M1W6","2020",10,16
"L4M1W6","2021",2,5
"L4M1Z4","2014",1,4
"L4M2A4","2019",1,1
"L4M2A5","2019",2,24
"L4M2E4","2012",1,1
"L4M2G1","2019",1,5
"L4M2G4","2019",3,18
"L4M2H6","2021",1,2
"L4M2M4","2013",1,1
"L4M2P3","2014",2,2
"L4M2P9","2013",1,1
"L4M2P9","2015",3,11
"L4M2P9","2016",3,14
"L4M2R1","2014",1,2
"L4M2S2","2020",3,3
"L4M2V2","2013",3,14
"L4M2V2","2015",3,16
"L4M2V2","2016",1,5
"L4M2V2","2017",1,2
"L4M2V2","2018",1,7
"L4M2V2","2020",1,2
"L4M2V3","2020",1,1
"L4M2V5","2013",1,1
"L4M2X5","2013",2,2
"L4M2X5","2021",2,9
"L4M2X6","2012",18,17
"L4M2X6","2013",57,27
"L4M2X6","2014",35,28
"L4M2X6","2015",43,35
"L4M2X6","2016",20,25
"L4M2X6","2017",12,23
"L4M2X6","2018",11,20
"L4M2X6","2019",19,30
"L4M2X6","2020",23,29
"L4M2X6","2021",12,13
"L4M2Y1","2017",1,5
"L4M2Y4","2020",1,8
"L4M2Z9","2016",1,3
"L4M2Z9","2021",6,11
"L4M3A5","2020",1,2
"L4M3B6","2017",1,2
"L4M3C2","2020",1,4
"L4M3C3","2020",2,6
"L4M3C3","2021",2,3
"L4M3G1","2017",1,6
"L4M3G1","2018",1,11
"L4M3G3","2017",1,6
"L4M3H9","2007",2,6
"L4M3H9","2013",1,1
"L4M3J1","2016",1,1
"L4M3K1","2016",3,8
"L4M3K1","2021",1,5
"L4M3K6","2021",1,6
"L4M3M1","2013",1,1
"L4M3M2","2021",1,1
"L4M3M5","2013",1,1
"L4M3N3","2017",1,11
"L4M3R3","2012",1,1
"L4M3R9","2016",1,7
"L4M3T2","2016",1,2
"L4M3Y3","2014",1,7
"L4M4B3","2012",1,1
"L4M4B6","2019",2,5
"L4M4G2","2013",2,11
"L4M4G5","2015",1,3
"L4M4G5","2020",1,16
"L4M4G8","2011",2,8
"L4M4G8","2012",2,4
"L4M4G8","2014",1,46
"L4M4G8","2016",1,1
"L4M4G8","2017",2,33
"L4M4G8","2018",1,14
"L4M4G8","2019",1,10
"L4M4H7","2018",1,4
"L4M4J7","2020",1,9
"L4M4J8","2019",1,5
"L4M4J9","2020",1,5
"L4M4M1","2019",1,4
"L4M4M1","2020",1,18
"L4M4M3","2021",1,7
"L4M4N6","2019",1,2
"L4M4R2","2019",1,2
"L4M4R8","2020",1,2
"L4M4R9","2020",1,13
"L4M4S4","2019",5,6
"L4M4S4","2020",1,1
"L4M4W6","2017",3,8
"L4M4W6","2018",3,13
"L4M4W6","2019",1,3
"L4M4W6","2020",5,14
"L4M4W6","2021",1,5
"L4M4Y1","2017",2,5
"L4M4Y1","2018",2,8
"L4M4Y1","2019",2,9
"L4M4Y1","2021",1,1
"L4M4Y8","2018",1,2
"L4M4Y8","2020",1,3
"L4M4Z9","2017",1,4
"L4M4Z9","2020",1,6
"L4M4Z9","2021",1,5
"L4M5A2","2008",2,23
"L4M5A2","2013",1,21
"L4M5A2","2020",2,3
"L4M5A2","2021",2,2
"L4M5C4","2018",1,3
"L4M5R7","2014",1,5
"L4M5Z1","2015",3,11
"L4M6A1","2020",1,9
"L4M6A5","2021",1,3
"L4M6A9","2018",1,2
"L4M6A9","2019",2,1
"L4M6B1","2019",1,1
"L4M6B1","2021",1,1
"L4M6C7","2012",1,1
"L4M6E3","2019",1,1
"L4M6E3","2021",2,5
"L4M6E4","2019",1,1
"L4M6E5","2013",1,1
"L4M6G1","2019",1,3
"L4M6G2","2019",10,4
"L4M6G2","2021",1,2
"L4M6G5","2019",1,1
"L4M6G7","2017",1,7
"L4M6M2","2018",1,4
"L4M6M5","2018",1,1
"L4M6N1","2019",1,3
"L4M6N6","2020",1,2
"L4M6N8","2016",2,4
"L4M6P3","2019",1,4
"L4M6P9","2020",1,1
"L4M6S5","2020",1,8
"L4M6T5","2013",1,1
"L4M6T8","2018",1,1
"L4M6T8","2019",6,2
"L4M6T8","2020",4,6
"L4M6V2","2018",2,7
"L4M6V2","2019",5,11
"L4M6V2","2020",48,49
"L4M6V2","2021",31,17
"L4M6V3","2020",3,1
"L4M6V5","2020",38,25
"L4M6V5","2021",25,15
"L4M6V6","2018",3,3
"L4M6V6","2020",3,9
"L4M6V6","2021",5,7
"L4M6V7","2019",3,2
"L4M6V7","2020",4,7
"L4M6V8","2019",3,1
"L4M6V9","2017",1,4
"L4M6V9","2018",3,2
"L4M6V9","2019",3,2
"L4M6W1","2019",4,2
"L4M6W2","2012",1,1
"L4M6W2","2013",1,1
"L4M6W2","2015",1,1
"L4M6W2","2016",17,39
"L4M6W2","2017",30,32
"L4M6W2","2018",28,34
"L4M6W2","2019",7,22
"L4M6W2","2020",62,52
"L4M6W2","2021",3,7
"L4M6W3","2016",1,6
"L4M6W3","2018",37,48
"L4M6W3","2019",93,46
"L4M6W3","2020",57,56
"L4M6W3","2021",5,12
"L4M6W5","2020",2,3
"L4M6W6","2019",2,3
"L4M6W6","2020",1,3
"L4M6W6","2021",1,1
"L4M6W9","2020",1,3
"L4M6X1","2019",1,1
"L4M6Y3","2016",1,4
"L4M6Y4","2014",8,11
"L4M6Y4","2015",14,24
"L4M6Y4","2018",1,6
"L4M6Y4","2019",3,13
"L4M6Z3","2019",2,1
"L4M6Z5","2019",3,18
"L4M6Z5","2020",1,3
"L4M7B3","2019",1,2
"L4M7B8","2014",1,1
"L4M7B8","2015",2,7
"L4M7B8","2016",21,82
"L4M7B8","2017",15,67
"L4M7B8","2018",16,71
"L4M7B8","2019",16,69
"L4M7B8","2020",18,61
"L4M7B8","2021",2,5
"L4M7B9","2012",2,18
"L4M7B9","2016",2,16
"L4M7B9","2017",3,28
"L4M7B9","2018",21,36
"L4M7B9","2019",19,63
"L4M7B9","2020",74,65
"L4M7B9","2021",5,14
"L4M7C1","2014",1,1
"L4M7C1","2016",1,26
"L4M7C1","2017",1,21
"L4M7C1","2018",39,80
"L4M7C1","2019",70,105
"L4M7C1","2020",154,131
"L4M7C1","2021",8,16
"L4M7C3","2019",1,2
"L4M7E6","2016",1,2
"L4M7E6","2018",6,27
"L4M7E6","2019",9,23
"L4M7E6","2020",21,41
"L4M7E6","2021",1,3
"L4M7E7","2017",5,10
"L4M7E7","2018",2,15
"L4M7E7","2019",9,11
"L4M7E9","2019",3,2
"L4M7G1","2019",1,1
"L4M7G1","2020",2,3
"L4M7G7","2012",1,1
"L4M7H8","2019",2,2
"L4M7H8","2021",2,7
"L4M7J6","2018",1,13
"L4N0B9","2012",1,4
"L4N0C2","2016",1,5
"L4N0C8","2013",1,1
"L4N0C8","2020",2,4
"L4N0E4","2019",1,2
"L4N0E4","2021",3,4
"L4N0E6","2020",1,15
"L4N0E8","2012",1,3
"L4N0E8","2013",1,2
"L4N0E8","2016",2,20
"L4N0E8","2019",1,11
"L4N0G3","2013",1,2
"L4N0G3","2020",1,12
"L4N0G7","2018",1,6
"L4N0G7","2019",1,6
"L4N0H3","2019",1,1
"L4N0H5","2011",1,1
"L4N0H5","2012",2,8
"L4N0J1","2017",1,11
"L4N0J4","2018",1,9
"L4N0J5","2018",1,23
"L4N0J7","2010",1,2
"L4N0K1","2019",1,2
"L4N0L2","2018",1,1
"L4N0M2","2012",3,9
"L4N0M2","2013",4,18
"L4N0M2","2014",2,11
"L4N0M2","2015",1,2
"L4N0M4","2013",3,10
"L4N0M4","2014",1,3
"L4N0M4","2015",8,20
"L4N0M4","2016",14,27
"L4N0M4","2017",12,25
"L4N0M4","2018",2,7
"L4N0M4","2019",1,4
"L4N0M4","2020",18,28
"L4N0M6","2017",1,3
"L4N0N6","2015",2,16
"L4N0N7","2017",2,6
"L4N0P2","2021",3,13
"L4N0R3","2019",1,23
"L4N0S4","2013",1,3
"L4N0S9","2021",2,9
"L4N0X5","2019",2,30
"L4N0Y8","2012",1,4
"L4N0Z1","2015",17,19
"L4N0Z1","2016",3,11
"L4N0Z3","2012",1,1
"L4N0Z3","2018",1,1
"L4N0Z3","2020",1,2
"L4N0Z6","2021",2,3
"L4N0Z9","2020",1,5
"L4N1A3","2017",1,2
"L4N1B2","2019",1,1
"L4N1B4","2014",1,1
"L4N1C2","2014",1,1
"L4N1C2","2019",1,1
"L4N1C3","2013",1,1
"L4N1C3","2020",1,4
"L4N1G6","2012",1,5
"L4N1G8","2018",1,2
"L4N1K2","2015",1,9
"L4N1K4","2020",1,4
"L4N1K9","2019",1,2
"L4N1L5","2019",1,1
"L4N1M7","2020",1,10
"L4N1M8","2013",1,1
"L4N1M8","2018",2,8
"L4N1N7","2013",1,4
"L4N1N7","2016",10,26
"L4N1P6","2016",1,2
"L4N1R8","2018",1,2
"L4N1S2","2014",1,1
"L4N1T3","2020",2,11
"L4N1T5","2017",1,6
"L4N1X4","2018",183,31
"L4N1X4","2019",59,27
"L4N1X4","2020",69,28
"L4N1X4","2021",13,10
"L4N2A3","2019",2,2
"L4N2A7","2020",1,11
"L4N2A8","2018",1,5
"L4N2A8","2019",1,5
"L4N2G2","2012",4,13
"L4N2G2","2013",2,26
"L4N2G2","2014",15,52
"L4N2G2","2015",4,15
"L4N2G2","2019",2,12
"L4N2G2","2020",3,49
"L4N2G2","2021",2,6
"L4N2G8","2020",1,2
"L4N2J6","2013",1,1
"L4N2L9","2018",1,7
"L4N2M6","2012",1,1
"L4N2N3","2011",1,4
"L4N2N3","2012",2,3
"L4N2N3","2014",1,1
"L4N2N4","2020",1,2
"L4N2N6","2020",1,2
"L4N2N9","2013",1,1
"L4N2P3","2013",2,9
"L4N2P3","2014",1,2
"L4N2P3","2015",3,17
"L4N2P3","2016",21,26
"L4N2P3","2017",10,25
"L4N2P3","2018",5,10
"L4N2P3","2019",3,3
"L4N2P3","2021",2,6
"L4N2P4","2019",1,3
"L4N2R3","2019",4,22
"L4N2R3","2020",1,7
"L4N2R4","2011",1,4
"L4N2R4","2016",26,41
"L4N2R4","2017",1,3
"L4N2R4","2018",12,24
"L4N2R4","2019",36,43
"L4N2R4","2020",1,9
"L4N2R5","2018",1,1
"L4N2R6","2010",3,9
"L4N2R6","2011",6,11
"L4N2R6","2012",8,13
"L4N2R6","2013",23,24
"L4N2R6","2014",15,23
"L4N2R6","2015",26,22
"L4N2R6","2016",20,19
"L4N2R6","2017",25,24
"L4N2R6","2018",79,33
"L4N2R6","2019",55,49
"L4N2R6","2020",13,22
"L4N2R6","2021",7,13
"L4N2R9","2011",1,2
"L4N2R9","2012",1,1
"L4N2R9","2019",2,8
"L4N2T2","2015",2,6
"L4N2V2","2016",1,1
"L4N2V2","2019",1,3
"L4N2V5","2011",1,7
"L4N2V5","2012",1,4
"L4N2V5","2013",1,8
"L4N2V5","2014",1,7
"L4N2V5","2015",1,10
"L4N2V5","2016",1,5
"L4N2V5","2017",1,4
"L4N2V5","2018",1,6
"L4N2V5","2019",1,2
"L4N2W3","2016",1,3
"L4N2W5","2013",1,5
"L4N2X9","2014",1,3
"L4N2X9","2015",1,3
"L4N2X9","2017",5,18
"L4N2X9","2018",1,4
"L4N3A8","2015",1,4
"L4N3A8","2018",2,14
"L4N3A8","2020",5,9
"L4N3B2","2014",1,16
"L4N3B6","2012",2,12
"L4N3B6","2013",1,11
"L4N3B6","2015",2,21
"L4N3B7","2012",1,1
"L4N3C6","2014",1,5
"L4N3C9","2012",1,10
"L4N3C9","2013",1,11
"L4N3C9","2019",1,2
"L4N3H1","2010",1,10
"L4N3H1","2016",1,1
"L4N3H1","2018",3,9
"L4N3J4","2015",1,3
"L4N3J9","2019",1,2
"L4N3K1","2014",1,6
"L4N3K1","2015",1,1
"L4N3K1","2016",1,5
"L4N3K1","2017",2,4
"L4N3K1","2018",3,8
"L4N3K1","2019",1,8
"L4N3K8","2014",1,2
"L4N3L1","2013",1,1
"L4N3M6","2011",1,8
"L4N3M6","2012",2,9
"L4N3M6","2015",1,6
"L4N3M6","2016",2,9
"L4N3M6","2017",2,12
"L4N3M6","2018",1,5
"L4N3M6","2019",2,6
"L4N3P6","2017",1,2
"L4N3P6","2018",5,8
"L4N3P6","2020",1,3
"L4N3R8","2016",1,5
"L4N3T5","2015",1,5
"L4N3W6","2021",1,12
"L4N3X5","2012",1,3
"L4N3Y9","2018",2,9
"L4N4A1","2020",1,1
"L4N4A9","2012",36,26
"L4N4A9","2019",2,2
"L4N4B5","2014",1,1
"L4N4B5","2020",1,5
"L4N4B5","2021",1,7
"L4N4B8","2008",1,28
"L4N4B8","2011",6,20
"L4N4B8","2012",6,18
"L4N4B8","2013",2,14
"L4N4B8","2014",71,94
"L4N4B8","2015",67,73
"L4N4B8","2016",97,84
"L4N4B8","2017",103,112
"L4N4B8","2018",122,111
"L4N4B8","2019",237,140
"L4N4B8","2020",125,102
"L4N4B8","2021",26,32
"L4N4B9","2016",1,15
"L4N4C1","2019",1,3
"L4N4C3","2010",1,2
"L4N4C3","2013",1,1
"L4N4C3","2020",3,1
"L4N4C3","2021",1,2
"L4N4J3","2020",1,11
"L4N4K6","2020",1,2
"L4N4L3","2021",5,10
"L4N4L4","2020",1,5
"L4N4R9","2021",2,3
"L4N4V9","2011",1,10
"L4N4V9","2021",1,4
"L4N4W8","2016",2,15
"L4N4W8","2017",4,12
"L4N4Y5","2012",1,1
"L4N4Y5","2013",1,1
"L4N4Y5","2014",1,2
"L4N4Y5","2015",13,30
"L4N4Y5","2017",6,33
"L4N4Y5","2018",1,5
"L4N4Y5","2019",6,13
"L4N4Y5","2020",1,4
"L4N4Y6","2012",1,22
"L4N4Y6","2014",2,33
"L4N4Y6","2015",2,27
"L4N4Y6","2016",2,29
"L4N4Y6","2017",2,15
"L4N4Y6","2018",2,2
"L4N4Y6","2019",19,86
"L4N4Y6","2020",7,28
"L4N4Y6","2021",1,6
"L4N4Y8","2013",2,3
"L4N4Z8","2020",1,6
"L4N5E1","2017",1,7
"L4N5E1","2020",1,10
"L4N5H3","2016",1,3
"L4N5H7","2015",1,4
"L4N5H8","2010",1,14
"L4N5H8","2013",1,7
"L4N5H8","2016",1,4
"L4N5J5","2012",1,3
"L4N5K3","2021",6,10
"L4N5L2","2012",1,8
"L4N5L2","2015",1,4
"L4N5L2","2016",1,5
"L4N5L2","2017",1,8
"L4N5L2","2018",1,5
"L4N5L3","2013",2,5
"L4N5L3","2016",21,33
"L4N5L3","2017",34,49
"L4N5L3","2018",33,33
"L4N5L4","2013",1,7
"L4N5M7","2015",1,3
"L4N5P8","2019",1,10
"L4N5P8","2020",3,14
"L4N5R7","2017",1,2
"L4N5T6","2012",1,4
"L4N5T6","2013",2,2
"L4N5T6","2014",7,4
"L4N5T6","2015",2,4
"L4N5T6","2016",3,12
"L4N5X3","2018",6,27
"L4N5X3","2019",3,25
"L4N5X3","2020",6,31
"L4N5X3","2021",1,11
"L4N5Y3","2018",1,24
"L4N6A9","2019",1,1
"L4N6A9","2020",2,4
"L4N6B3","2010",1,2
"L4N6B3","2017",1,1
"L4N6B5","2019",1,1
"L4N6B6","2020",1,3
"L4N6B9","2014",1,1
"L4N6B9","2019",1,1
"L4N6C3","2020",1,1
"L4N6C5","2017",1,4
"L4N6C5","2020",2,31
"L4N6E5","2019",1,4
"L4N6E9","2017",1,2
"L4N6G4","2013",1,1
"L4N6G4","2014",2,3
"L4N6G6","2017",2,10
"L4N6H4","2017",1,1
"L4N6K1","2011",1,4
"L4N6K1","2014",1,4
"L4N6K2","2020",1,1
"L4N6L2","2016",1,9
"L4N6L5","2018",2,5
"L4N6L6","2020",1,12
"L4N6M1","2017",2,7
"L4N6M2","2015",1,1
"L4N6M3","2017",3,13
"L4N6M3","2018",2,6
"L4N6N2","2013",1,1
"L4N6N5","2014",5,7
"L4N6N5","2015",4,7
"L4N6N5","2020",2,6
"L4N6P2","2017",2,4
"L4N6P2","2018",2,16
"L4N6P2","2021",1,12
"L4N6P4","2020",1,2
"L4N6P8","2019",1,1
"L4N6R5","2018",2,2
"L4N6R5","2019",6,14
"L4N6R5","2020",3,5
"L4N6R9","2020",1,4
"L4N6S7","2012",1,2
"L4N6T2","2019",1,3
"L4N6T3","2013",1,2
"L4N6T4","2018",1,2
"L4N6V1","2021",1,6
"L4N6V2","2021",3,4
"L4N6V6","2021",1,8
"L4N6Y4","2015",2,20
"L4N6Y4","2017",4,23
"L4N6Y4","2019",4,40
"L4N6Y5","2013",17,48
"L4N6Y5","2014",9,59
"L4N6Y5","2015",9,40
"L4N6Y5","2016",14,49
"L4N6Y5","2017",7,46
"L4N6Y5","2018",16,70
"L4N6Y5","2019",12,54
"L4N6Y5","2020",23,77
"L4N6Y5","2021",12,21
"L4N6Y6","2014",1,1
"L4N6Y8","2018",2,6
"L4N7A7","2016",1,1
"L4N7A8","2013",1,4
"L4N7B2","2019",1,2
"L4N7B2","2021",1,8
"L4N7B9","2020",4,32
"L4N7C8","2012",1,6
"L4N7G2","2019",3,12
"L4N7G3","2017",1,12
"L4N7G6","2018",1,3
"L4N7G9","2016",1,8
"L4N7H8","2020",2,11
"L4N7J3","2019",5,13
"L4N7J4","2019",1,1
"L4N7J5","2014",1,3
"L4N7K2","2020",1,2
"L4N7K5","2020",1,14
"L4N7L3","2014",1,2
"L4N7L4","2020",1,9
"L4N7L8","2019",4,6
"L4N7L8","2020",92,30
"L4N7L8","2021",12,16
"L4N7M1","2020",1,2
"L4N7M1","2021",1,3
"L4N7M6","2018",1,8
"L4N7M6","2019",1,11
"L4N7N8","2021",2,8
"L4N7P8","2012",3,3
"L4N7P8","2016",2,4
"L4N7P8","2019",1,4
"L4N7S6","2017",4,37
"L4N7S6","2018",4,24
"L4N7S6","2019",4,19
"L4N7S6","2020",10,35
"L4N7S7","2012",1,7
"L4N7S7","2014",13,42
"L4N7S7","2015",10,31
"L4N7S7","2016",17,42
"L4N7S7","2017",20,69
"L4N7S7","2018",29,77
"L4N7S7","2019",39,83
"L4N7S7","2020",54,75
"L4N7S7","2021",8,36
"L4N7S8","2015",3,31
"L4N7S8","2016",1,6
"L4N7S8","2017",1,10
"L4N7S8","2018",2,15
"L4N7S8","2019",3,19
"L4N7S8","2020",3,15
"L4N7S8","2021",1,5
"L4N7T4","2018",1,6
"L4N7T6","2018",1,2
"L4N7T9","2012",1,1
"L4N7V1","2013",1,1
"L4N7V4","2016",2,5
"L4N7V5","2013",21,10
"L4N7V5","2014",1,6
"L4N7X6","2013",1,1
"L4N7X6","2014",28,23
"L4N7X6","2015",19,20
"L4N7X6","2016",14,17
"L4N7X6","2017",20,18
"L4N7X6","2018",16,19
"L4N7X6","2019",7,11
"L4N7X6","2020",6,14
"L4N7X7","2014",1,1
"L4N7X7","2015",1,1
"L4N7Y7","2017",1,6
"L4N7Y8","2020",89,89
"L4N7Y8","2021",6,4
"L4N7Y9","2010",1,26
"L4N7Y9","2011",2,20
"L4N7Y9","2012",1,16
"L4N7Y9","2013",5,20
"L4N7Y9","2014",7,46
"L4N7Y9","2015",10,40
"L4N7Y9","2016",30,42
"L4N7Y9","2017",18,57
"L4N7Y9","2018",15,52
"L4N7Y9","2019",64,83
"L4N7Y9","2020",33,82
"L4N7Y9","2021",8,24
"L4N7Z1","2020",1,27
"L4N8A1","2017",1,4
"L4N8B6","2011",1,12
"L4N8B6","2020",7,22
"L4N8E6","2020",2,11
"L4N8G5","2015",1,2
"L4N8K4","2011",3,7
"L4N8K4","2012",7,13
"L4N8K4","2013",2,2
"L4N8K4","2014",2,10
"L4N8K4","2015",3,35
"L4N8K4","2016",2,22
"L4N8K4","2017",2,13
"L4N8K4","2018",2,38
"L4N8K4","2020",4,21
"L4N8K4","2021",1,6
"L4N8K8","2012",1,3
"L4N8M5","2015",1,7
"L4N8M5","2020",1,1
"L4N8M6","2021",1,6
"L4N8N2","2020",1,5
"L4N8P3","2013",1,2
"L4N8P7","2018",1,12
"L4N8S2","2018",4,15
"L4N8S2","2019",13,33
"L4N8S2","2020",13,31
"L4N8T6","2021",2,6
"L4N8V1","2012",5,6
"L4N8V1","2021",16,13
"L4N8V3","2010",1,4
"L4N8V3","2019",2,11
"L4N8V4","2012",1,4
"L4N8V4","2018",10,9
"L4N8V4","2019",8,8
"L4N8V4","2020",2,6
"L4N8V8","2011",1,1
"L4N8V8","2013",2,2
"L4N8V8","2019",1,4
"L4N8V8","2021",2,2
"L4N8V9","2013",1,7
"L4N8W8","2014",1,3
"L4N8W8","2019",1,10
"L4N8X1","2013",4,5
"L4N8X1","2014",15,14
"L4N8X1","2015",5,9
"L4N8X1","2017",2,9
"L4N8X1","2018",2,4
"L4N8X1","2019",5,7
"L4N8X1","2020",3,4
"L4N8X6","2020",1,3
"L4N8X6","2021",2,10
"L4N8X8","2018",1,1
"L4N8X9","2012",1,1
"L4N8Y2","2016",1,13
"L4N8Y2","2017",2,10
"L4N8Y2","2018",1,3
"L4N8Y2","2019",1,6
"L4N8Y4","2013",1,1
"L4N8Y4","2018",1,13
"L4N8Y4","2019",2,3
"L4N8Z1","2015",1,2
"L4N8Z2","2017",1,1
"L4N8Z4","2018",2,5
"L4N8Z6","2014",1,3
"L4N8Z6","2015",4,6
"L4N8Z6","2016",3,10
"L4N8Z6","2017",4,10
"L4N8Z6","2018",8,14
"L4N8Z6","2019",8,7
"L4N8Z6","2020",2,4
"L4N8Z6","2021",1,1
"L4N9A3","2013",2,4
"L4N9A5","2010",1,5
"L4N9A5","2013",1,3
"L4N9A5","2014",1,6
"L4N9A5","2015",1,6
"L4N9A5","2016",1,10
"L4N9A5","2017",1,6
"L4N9A5","2018",1,7
"L4N9A5","2019",2,5
"L4N9A7","2010",1,8
"L4N9A7","2013",1,6
"L4N9A7","2016",1,6
"L4N9A7","2017",1,2
"L4N9A7","2018",1,3
"L4N9A7","2019",2,3
"L4N9A8","2010",1,2
"L4N9A8","2019",6,53
"L4N9A8","2020",1,2
"L4N9A9","2014",1,4
"L4N9A9","2015",1,1
"L4N9B1","2018",1,7
"L4N9B1","2020",1,7
"L4N9B6","2015",1,3
"L4N9C5","2019",1,12
"L4N9C7","2018",2,8
"L4N9C7","2020",1,6
"L4N9E7","2020",1,10
"L4N9E8","2012",1,4
"L4N9E8","2019",2,2
"L4N9E8","2020",4,17
"L4N9E9","2020",1,20
"L4N9G8","2010",1,4
"L4N9G8","2014",1,1
"L4N9G8","2015",1,1
"L4N9G8","2016",1,1
"L4N9G8","2018",1,1
"L4N9G8","2019",1,1
"L4N9H5","2020",1,2
"L4N9H7","2014",1,3
"L4N9H7","2017",1,1
"L4N9H7","2019",1,1
"L4N9H7","2020",1,2
"L4N9H8","2014",2,2
"L4N9H8","2019",2,2
"L4N9J3","2015",1,1
"L4N9J7","2019",1,1
"L4N9K3","2012",2,12
"L4N9K3","2013",2,2
"L4N9K3","2015",1,12
"L4N9K3","2016",1,28
"L4N9K3","2017",4,32
"L4N9K3","2018",4,27
"L4N9K3","2019",4,38
"L4N9K3","2020",7,45
"L4N9K3","2021",1,8
"L4N9K5","2019",1,2
"L4N9N7","2013",1,21
"L4N9N7","2020",4,27
"L4N9P2","2020",6,9
"L4N9P5","2015",1,2
"L4N9P5","2020",1,1
"L4N9P6","2012",2,2
"L4N9P6","2016",1,5
"L4N9P7","2014",1,1
"L4N9R5","2020",31,43
"L4N9R5","2021",10,12
"L4N9R8","2013",1,1
"L4N9S3","2013",3,6
"L4N9S3","2016",1,3
"L4N9S4","2018",1,6
"L4N9S7","2011",3,4
"L4N9S7","2012",6,14
"L4N9S7","2013",1,1
"L4N9T1","2018",6,23
"L4N9V4","2013",1,1
"L4N9W3","2014",1,4
"L4N9W4","2014",1,5
"L4N9W4","2017",1,5
"L4N9W7","2012",1,1
"L4N9W9","2012",3,50
"L4N9W9","2017",1,4
"L4N9X1","2016",1,2
"L4N9X1","2018",1,2
"L4N9X2","2020",1,14
"L4N9X3","2012",2,12
"L4N9X3","2013",18,45
"L4N9X3","2014",78,96
"L4N9X3","2015",10,28
"L4N9X3","2016",4,45
"L4N9X3","2020",3,25
"L4N9X4","2014",1,3
"L4N9X4","2020",1,9
"L4N9X7","2017",1,4
"L4N9X7","2021",1,5
"L4N9Y3","2016",1,4
"L4N9Y4","2018",3,26
"L4N9Y4","2019",4,20
"L4N9Y7","2020",1,4
"L4R4K3","2021",1,5
"L9J0A2","2021",1,7
"L9J0B2","2016",1,1
"L9J0B2","2019",1,1
"L9J0B4","2012",1,5
"L9J0B6","2017",1,27
"L9J0B7","2014",1,1
"L9J0C1","2020",1,1
"L9J0C3","2016",1,4
"L9J0C6","2010",1,7
"L9J0C6","2011",1,6
"L9J0C6","2012",1,2
"L9J0C6","2014",1,1
"L9J0C6","2016",2,16
"L9J0C6","2017",1,3
"L9J0C6","2018",1,9
"L9J0C7","2013",1,8
"L9J0E4","2014",1,1
"L9J0E5","2015",1,8
"L9J0E5","2016",2,6
"L9J0E5","2021",7,10
"L9J0E6","2015",1,1
"L9J0E9","2015",1,8
"L9J0E9","2016",1,4
"L9J0E9","2017",1,1
"L9J0E9","2018",1,1
"L9J0E9","2019",2,5
"L9J0G2","2013",2,3
"L9J0G2","2014",1,1
"L9J0G2","2015",1,10
"L9J0G2","2016",3,17
"L9J0G3","2011",1,1
"L9J0G3","2012",2,4
"L9J0G3","2013",2,9
"L9J0G3","2014",1,9
"L9J0G3","2015",1,10
"L9J0G3","2016",2,18
"L9J0G3","2017",1,10
"L9J0G3","2018",1,7
"L9J0G3","2019",2,12
"L9J0G5","2010",1,8
"L9J0G5","2011",1,11
"L9J0G5","2012",1,1
"L9J0G5","2015",1,1
"L9J0G6","2017",2,9
"L9J0G6","2018",1,2
"L9J0G8","2011",23,22
"L9J0G8","2012",50,27
"L9J0G8","2013",17,12
"L9J0G8","2015",1,2
"L9J0H3","2019",8,31
"L9J0H6","2015",1,10
"L9S0E2","2012",1,1
"L9S0E4","2016",1,2
"L9S0E9","2014",1,8
"L9S0G1","2017",1,1
"L9S0G1","2018",1,4
"L9S0J3","2019",1,1
"L9S0L5","2020",1,8
"L9S0N1","2018",1,6
"L9S1C2","2015",1,8
"L9S1E6","2021",1,4
"L9S1H3","2020",1,1
"L9S1J5","2020",1,16
"L9S1J6","2021",2,14
"L9S1J7","2019",1,3
"L9S1J9","2018",1,5
"L9S1K2","2016",1,2
"L9S1K3","2016",1,2
"L9S1K3","2020",4,21
"L9S1K3","2021",35,19
"L9S1K5","2016",1,8
"L9S1L4","2019",1,1
"L9S1M9","2016",1,4
"L9S1P1","2019",1,1
"L9S1R8","2019",1,20
"L9S1V2","2016",1,7
"L9S1V5","2019",2,9
"L9S1V8","2018",1,3
"L9S1V8","2020",1,3
"L9S1V8","2021",2,7
"L9S2B5","2016",1,3
"L9S2C3","2014",1,2
"L9S2C3","2017",2,9
"L9S2C3","2018",2,12
"L9S2E1","2018",1,6
"L9S2E3","2018",1,27
"L9S2E8","2021",9,11
"L9S2G8","2014",1,4
"L9S2H3","2014",1,2
"L9S2H6","2020",1,15
"L9S2J7","2016",1,2
"L9S2J9","2016",1,13
"L9S2K1","2016",1,12
"L9S2K8","2009",1,12
"L9S2L3","2020",1,29
"L9S2L4","2015",28,85
"L9S2L4","2016",26,96
"L9S2L4","2017",24,94
"L9S2L4","2018",17,105
"L9S2L4","2019",10,103
"L9S2L4","2020",13,92
"L9S2L8","2015",1,7
"L9S2L9","2016",2,11
"L9S2L9","2017",1,13
"L9S2L9","2019",1,4
"L9S2M7","2016",2,7
"L9S2M7","2017",1,11
"L9S2M7","2019",1,14
"L9S2M8","2017",1,20
"L9S2N1","2016",1,6
"L9S2N1","2018",1,8
"L9S2N4","2014",1,20
"L9S2N4","2015",2,18
"L9S2N4","2016",1,11
"L9S2N4","2017",3,11
"L9S2N4","2018",4,44
"L9S2N4","2019",7,53
"L9S2N4","2020",49,112
"L9S2N4","2021",18,22
"L9S2N5","2017",1,8
"L9S2N5","2020",1,2
"L9S2N7","2018",1,8
"L9S2P1","2020",2,18
"L9S2P7","2014",1,23
"L9S2P7","2015",13,77
"L9S2P7","2016",9,80
"L9S2P7","2017",2,23
"L9S2P7","2019",4,61
"L9S2P7","2020",9,65
"L9S2P9","2015",4,36
"L9S2P9","2016",1,5
"L9S2P9","2018",5,44
"L9S2R2","2016",1,2
"L9S2R5","2014",2,24
"L9S2S4","2014",1,18
"L9S2S4","2015",2,65
"L9S2S5","2014",1,25
"L9S2S5","2015",10,57
"L9S2S5","2016",30,88
"L9S2S5","2017",25,86
"L9S2S5","2018",28,94
"L9S2S5","2019",17,88
"L9S2S5","2020",49,120
"L9S2S5","2021",3,16
"L9S2S6","2018",2,34
"L9S2T2","2014",1,25
"L9S2T2","2016",1,21
"L9S2T2","2017",1,29
"L9S2T3","2019",1,19
"L9S2T4","2020",1,2
"L9S2T7","2019",1,9
"L9S2V3","2018",1,4
"L9S2V4","2015",2,33
"L9S2V4","2016",1,4
"L9S2V4","2018",2,35
"L9S2V5","2015",1,35
"L9S2V5","2016",1,31
"L9S2V5","2017",1,38
"L9S2V5","2018",2,39
"L9S2V5","2020",2,40
"L9S2W5","2014",1,1
"L9S2W9","2013",2,16
"L9S2W9","2015",4,28
"L9S2W9","2016",5,28
"L9S2W9","2017",4,48
"L9S2W9","2018",1,10
"L9S2W9","2020",1,4
"L9S2X4","2020",3,27
"L9S2X4","2021",1,15
"L9S2X6","2020",1,1
"L9S2Y3","2017",1,20
"L9S2Y6","2020",1,15
"L9S3A4","2015",4,38
"L9S3A4","2016",3,16
"L9S3A4","2019",2,15
"L9S3A4","2020",1,5
"L9S3A4","2021",1,5
"L9S3A6","2015",2,9
"L9S3B1","2021",1,5
"L9S3B4","2016",1,6
"L9S3B5","2015",1,5
"L9S3C5","2018",3,12
"L9S3C6","2016",1,4
"L9S3C6","2019",1,2
"L9S3C6","2020",1,2
"L9S3C7","2016",2,7
"L9S3C8","2016",1,3
"L9S3C8","2020",5,21
"L9S3C8","2021",2,6
"L9S3C9","2013",1,1
"L9S3C9","2015",2,15
"L9S3C9","2016",2,22
"L9S3C9","2017",1,12
"L9S3C9","2018",1,6
"L9S3C9","2019",5,22
"L9S3C9","2020",5,17
"L9S3E1","2019",1,1
"L9S3E9","2020",1,1
"L9S3G1","2013",1,7
"L9S3G3","2014",2,30
"L9S3G4","2014",1,10
"L9S3G6","2015",1,5
"L9S3G6","2016",1,3
"L9S3H6","2021",1,4
"L9S3H7","2017",1,4
"L9S3J1","2016",1,1
"L9S3J9","2013",1,1
"L9S3J9","2015",1,3
"L9S3J9","2018",1,1
"L9S3K3","2020",1,6
"L9S3K6","2014",1,3
"L9S3L7","2014",1,1
"L9S3L8","2020",2,10
"L9S3M1","2016",1,9
"L9S3M2","2020",1,5
"L9S3M3","2013",1,7
"L9S3M3","2014",1,5
"L9S3M3","2015",1,7
"L9S3M3","2016",1,11
"L9S3M3","2017",1,8
"L9S3M3","2018",1,7
"L9S3M4","2010",1,6
"L9S3M4","2011",1,8
"L9S3M4","2012",1,6
"L9S3M4","2014",1,1
"L9S3M4","2015",1,8
"L9S3M4","2016",3,12
"L9S3M4","2017",2,11
"L9S3M6","2016",1,4
"L9S3M7","2018",1,5
"L9S3M9","2012",1,1
"L9S3M9","2013",1,1
"L9S3M9","2016",1,1
"L9S3N5","2018",1,16
"L9S3N6","2021",1,1
"L9S3P1","2015",1,4
"L9S3P3","2014",1,2
"L9S3P3","2019",1,2
"L9S3P6","2019",1,3
"L9S3R2","2018",1,1
"L9S3R8","2013",1,1
"L9S3R8","2015",1,4
"L9S3R9","2014",1,1
"L9S3R9","2015",1,5
"L9S3R9","2017",2,8
"L9S3S1","2015",1,6
"L9S3S1","2019",2,4
"L9S3S4","2014",1,1
"L9S3S5","2013",1,1
"L9S3S5","2018",1,4
"L9S3S5","2019",1,1
"L9S3S6","2015",1,7
"L9S3S6","2019",2,23
"L9S3S6","2020",6,40
"L9S3T5","2014",1,1
"L9S3T7","2016",1,16
"L9S3T7","2021",1,5
"L9S3V3","2015",1,8
"L9S3V3","2018",1,2
"L9S3V3","2020",1,5
"L9S3W8","2020",1,14
"L9S3X2","2020",1,12
"L9S3X2","2021",1,7
"L9S3Y4","2021",1,3
"L9S3Z1","2012",1,16
"L9S3Z1","2018",1,3
"L9S3Z4","2012",1,3
"L9S3Z4","2015",1,2
"L9S3Z6","2013",1,1
"L9S3Z6","2014",1,1
"L9S3Z6","2016",1,2
"L9S3Z6","2019",1,2
"L9S3Z9","2019",1,2
"L9S4A2","2019",1,14
"L9S4A3","2015",2,5
"L9S4A3","2017",1,3
"L9S4A4","2019",3,7
"L9S4A8","2015",2,10
"L9S4A8","2016",2,11
"L9S4A8","2019",1,7
"L9S4A9","2019",1,7
"L9S4B1","2012",1,4
"L9S4B1","2013",1,5
"L9S4B1","2015",1,1
"L9S4B1","2018",1,1
"L9S4B3","2011",1,2
"L9S4B4","2020",3,30
"L9S4B8","2016",9,28
"L9S4B8","2019",1,8
"L9S4C1","2019",1,1
"L9S4C2","2016",1,8
"L9S4C3","2013",1,1
"L9S4C4","2015",1,15
"L9S4C9","2020",1,1
"L9S4E4","2015",1,3
"L9S4E4","2016",8,14
"L9S4E4","2017",363,31
"L9S4E4","2018",59,31
"L9S4E4","2019",49,27
"L9S4E4","2020",4,19
"L9S4E5","2013",1,8
"L9S4E8","2021",1,8
"L9S4G7","2013",1,18
"L9S4G8","2011",1,1
"L9S4G8","2019",1,2
"L9S4G9","2013",1,14
"L9S4G9","2015",1,15
"L9S4H6","2013",1,25
"L9S4H6","2014",1,5
"L9S4H6","2016",4,13
"L9S4H6","2017",1,4
"L9S4H6","2018",1,5
"L9S4H9","2013",1,2
"L9S4J2","2019",1,1
"L9S4J4","2012",1,1
"L9S4J5","2016",2,15
"L9S4J5","2019",1,1
"L9S4J5","2020",1,1
"L9S4K8","2019",3,6
"L9S4L9","2021",1,11
"L9S4N7","2019",1,1
"L9S4P2","2018",1,6
"L9S4P3","2019",1,3
"L9S4P4","2019",3,3
"L9S4P5","2011",1,2
"L9S4P5","2016",1,2
"L9S4P7","2015",1,9
"L9S4P8","2016",1,1
"L9S4P9","2021",1,7
"L9S4R4","2013",1,1
"L9S4S4","2015",1,2
"L9S4S6","2011",2,5
"L9S4S6","2012",1,4
"L9S4S6","2016",1,2
"L9S4S7","2019",2,31
"L9S4S9","2014",1,1
"L9S4T1","2013",2,8
"L9S4T1","2015",2,12
"L9S4T1","2020",1,3
"L9S4T6","2010",2,7
"L9S4T6","2011",3,9
"L9S4T6","2012",1,6
"L9S4T6","2013",1,7
"L9S4T6","2014",1,4
"L9S4T6","2015",2,3
"L9S4T6","2016",1,6
"L9S4T6","2017",1,2
"L9S4T6","2018",1,2
"L9S4T6","2019",2,2
"L9S4V3","2020",1,2
"L9S4W1","2020",1,2
"L9S5A7","2012",1,4
"L9S5A7","2013",1,1
"L9S5A7","2014",1,1
"L9S5A7","2015",1,6
"L9X0A1","2012",1,1
"L9X0A1","2014",1,3
"L9X0A1","2016",1,13
"L9X0A1","2017",1,7
"L9X0A1","2019",1,7
"L9X0A1","2020",4,20
"L9X0A1","2021",2,10
"L9X0A6","2012",1,2
"L9X0A7","2019",1,2
"L9X0A8","2015",2,10
"L9X0A8","2017",1,12
"L9X0A8","2019",1,7
"L9X0A8","2020",1,2
"L9X0A8","2021",1,1
"L9X0A9","2017",1,8
"L9X0B1","2016",2,3
"L9X0B1","2018",1,4
"L9X0B1","2021",1,2
"L9X0B2","2012",2,5
"L9X0B2","2018",2,6
"L9X0B2","2020",1,1
"L9X0B3","2019",1,6
"L9X0B4","2020",1,1
"L9X0B5","2020",4,18
"L9X0B5","2021",1,1
"L9X0B6","2017",2,3
"L9X0B6","2019",2,4
"L9X0B6","2020",1,1
"L9X0B8","2013",1,1
"L9X0B8","2017",1,1
"L9X0B8","2018",6,19
"L9X0B8","2020",4,24
"L9X0C1","2013",1,1
"L9X0C1","2019",1,2
"L9X0C1","2021",1,3
"L9X0C9","2011",1,9
"L9X0C9","2012",1,24
"L9X0E4","2018",1,3
"L9X0E7","2018",1,15
"L9X0E7","2019",1,1
"L9X0E9","2013",1,4
"L9X0E9","2020",1,45
"L9X0G8","2014",1,2
"L9X0G8","2015",2,11
"L9X0G8","2016",2,12
"L9X0G8","2017",30,68
"L9X0G8","2018",6,26
"L9X0G8","2019",1,7
"L9X0G8","2020",5,16
"L9X0G8","2021",1,9
"L9X0H1","2014",1,3
"L9X0H1","2018",1,3
"L9X0H1","2019",2,5
"L9X0H1","2020",1,14
"L9X0H4","2014",1,2
"L9X0H4","2020",2,7
"L9X0H6","2015",1,2
"L9X0H9","2011",1,5
"L9X0H9","2012",2,18
"L9X0H9","2013",2,5
"L9X0H9","2014",3,41
"L9X0H9","2015",9,35
"L9X0H9","2016",10,73
"L9X0H9","2017",47,113
"L9X0H9","2018",17,97
"L9X0H9","2019",29,109
"L9X0H9","2020",102,148
"L9X0H9","2021",5,18
"L9X0J1","2019",1,25
"L9X0J2","2020",1,17
"L9X0J2","2021",1,5
"L9X0J3","2013",1,4
"L9X0J3","2014",2,18
"L9X0J3","2015",1,6
"L9X0J3","2016",7,53
"L9X0J3","2017",4,20
"L9X0J3","2018",2,7
"L9X0J3","2020",1,8
"L9X0J4","2021",4,9
"L9X0J7","2011",1,8
"L9X0K1","2017",2,19
"L9X0K1","2020",2,9
"L9X0K6","2020",1,2
"L9X0K7","2013",1,2
"L9X0K7","2020",3,54
"L9X0K7","2021",1,2
"L9X0K9","2010",1,5
"L9X0K9","2011",1,12
"L9X0K9","2021",2,5
"L9X0L2","2018",2,17
"L9X0L2","2020",1,9
"L9X0L4","2018",1,9
"L9X0L8","2018",1,3
"L9X0M2","2019",1,4
"L9X0M3","2021",1,3
"L9X0M4","2015",1,1
"L9X0M4","2018",1,7
"L9X0M4","2019",12,89
"L9X0M4","2020",36,100
"L9X0M4","2021",11,14
"L9X0M6","2019",2,24
"L9X0N4","2018",1,1
"L9X0N6","2014",3,8
"L9X0N7","2018",1,8
"L9X0N8","2018",5,8
"L9X0N9","2021",1,4
"L9X0P2","2014",1,6
"L9X0P2","2016",1,11
"L9X0P2","2018",1,10
"L9X0P4","2013",5,15
"L9X0P4","2014",1,6
"L9X0P4","2016",6,15
"L9X0P4","2017",4,8
"L9X0P4","2020",7,11
"L9X0P4","2021",11,14
"L9X0P5","2012",1,4
"L9X0P6","2018",1,3
"L9X0P6","2021",1,1
"L9X0P8","2013",2,2
"L9X0P9","2020",1,3
"L9X0R2","2015",1,1
"L9X0R2","2020",1,4
"L9X0R2","2021",1,2
"L9X0R5","2012",1,1
"L9X0R5","2014",1,10
"L9X0R5","2016",1,3
"L9X0R5","2017",2,53
"L9X0R5","2018",1,1
"L9X0R5","2019",1,8
"L9X0R5","2020",2,6
"L9X0R8","2013",1,1
"L9X0R8","2019",2,2
"L9X0R8","2020",1,23
"L9X0R8","2021",1,1
"L9X0S5","2020",3,35
"L9X0S8","2020",2,15
"L9X0T2","2012",1,8
"L9X0T4","2012",1,3
"L9X0T7","2012",1,5
"L9X0T7","2020",1,4
"L9X0V1","2021",3,10
"L9X0V2","2019",9,56
"L9X0V2","2020",2,25
"L9X0V6","2019",1,2
"L9X0X9","2013",2,2
"L9X0X9","2017",1,1
"L9X0Y6","2017",2,14
"L9X0Z1","2014",2,14
"L9X0Z2","2017",1,29
"L9X0Z7","2012",1,7
"L9X0Z7","2017",3,13
"L9X0Z7","2019",1,14
"L9X0Z7","2020",2,23
"L9X0Z7","2021",2,6
"L9X0Z9","2019",1,19
"L9X0Z9","2020",1,12
"L9X1A2","2015",1,10
"L9X1A4","2010",1,7
"L9X1A4","2020",1,9
"L9X1A8","2010",1,13
"L9X1A8","2018",1,10
"L9X1A8","2020",4,10
"L9X1B2","2018",1,4
"L9X1B5","2021",1,1
"L9X1B7","2015",1,3
"L9X1B7","2017",1,3
"L9X1B7","2018",1,9
"L9X1B7","2019",1,3
"L9X1B8","2014",1,2
"L9X1C2","2009",1,10
"L9X1C2","2011",1,20
"L9X1C2","2012",4,54
"L9X1C2","2013",5,35
"L9X1C2","2014",14,79
"L9X1C2","2015",19,85
"L9X1C2","2016",32,99
"L9X1C2","2017",41,97
"L9X1C2","2018",45,109
"L9X1C2","2019",50,126
"L9X1C2","2020",50,127
"L9X1C2","2021",3,15
"L9X1C7","2018",1,1
"L9X1C8","2013",1,18
"L9X1C8","2015",1,3
"L9X1C8","2018",5,25
"L9X1C8","2019",13,37
"L9X1C8","2020",3,12
"L9X1C8","2021",2,3
"L9X1C9","2013",3,29
"L9X1C9","2015",3,23
"L9X1C9","2016",3,38
"L9X1C9","2017",7,30
"L9X1C9","2018",18,52
"L9X1C9","2019",22,67
"L9X1C9","2020",32,71
"L9X1C9","2021",5,14
"L9X1E1","2013",1,5
"L9X1E1","2014",1,1
"L9X1E1","2015",2,9
"L9X1E1","2018",4,10
"L9X1E1","2019",9,30
"L9X1E1","2020",5,10
"L9X1E2","2014",4,9
"L9X1E2","2019",1,3
"L9X1E2","2020",2,18
"L9X1E4","2020",1,1
"L9X1E5","2018",1,4
"L9X1E5","2021",75,15
"L9X1E6","2012",2,3
"L9X1E7","2019",1,1
"L9X1E8","2010",1,4
"L9X1E8","2017",1,10
"L9X1E8","2018",1,6
"L9X1E9","2014",4,14
"L9X1E9","2015",1,5
"L9X1E9","2020",1,5
"L9X1G1","2012",2,2
"L9X1G1","2015",1,1
"L9X1G1","2020",1,2
"L9X1G2","2018",2,26
"L9X1G2","2019",1,1
"L9X1G2","2020",1,5
"L9X1G5","2018",5,14
"L9X1G5","2019",4,11
"L9X1G5","2020",1,4
"L9X1G6","2020",1,3
"L9X1H2","2013",1,1
"L9X1H2","2020",1,15
"L9X1H3","2012",1,2
"L9X1H3","2013",1,1
"L9X1H3","2014",1,14
"L9X1H3","2018",2,9
"L9X1H3","2019",3,16
"L9X1H3","2020",2,12
"L9X1H4","2017",1,3
"L9X1H4","2019",3,23
"L9X1H5","2014",1,1
"L9X1H5","2020",2,10
"L9X1H6","2021",1,2
"L9X1H8","2020",2,4
"L9X1J1","2012",1,9
"L9X1J1","2019",1,1
"L9X1J4","2016",1,12
"L9X1J4","2017",1,21
"L9X1J4","2018",2,25
"L9X1J4","2019",15,55
"L9X1J4","2020",30,71
"L9X1J8","2019",1,1
"L9X1K1","2019",1,1
"L9X1K6","2019",2,3
"L9X1K7","2017",7,49
"L9X1K7","2018",8,51
"L9X1K7","2019",8,60
"L9X1K8","2020",1,17
"L9X1K9","2019",1,2
"L9X1L3","2018",2,18
"L9X1L3","2019",1,18
"L9X1L5","2019",1,11
"L9X1L6","2017",1,1
"L9X1L9","2012",2,8
"L9X1M2","2021",1,8
"L9X1M3","2020",4,6
"L9X1M8","2021",1,2
"L9X1M9","2021",7,7
"L9X1N1","2014",2,5
"L9X1N1","2015",1,7
"L9X1N1","2018",2,7
"L9X1N1","2020",2,8
"L9X1N1","2021",2,10
"L9X1N6","2012",1,1
"L9X1N6","2018",3,18
"L9X1N6","2019",1,1
"L9X1N6","2020",2,20
"L9X1N7","2018",8,85
"L9X1N7","2019",6,67
"L9X1N7","2020",4,58
"L9X1N7","2021",3,7
"L9X1N9","2013",1,1
"L9X1N9","2018",1,5
"L9X1N9","2019",1,7
"L9X1N9","2021",1,4
"L9X1P3","2014",2,4
"L9X1P3","2015",1,1
"L9X1P3","2019",1,2
"L9X1P5","2014",5,6
"L9X1P5","2017",3,23
"L9X1P5","2020",5,15
"L9X1P6","2016",1,4
"L9X1P6","2018",2,3
"L9X1P6","2019",5,45
"L9X1P6","2020",5,60
"L9X1P7","2011",1,8
"L9X1P7","2014",3,14
"L9X1P7","2015",3,16
"L9X1P7","2016",2,23
"L9X1P7","2018",9,31
"L9X1P7","2019",11,35
"L9X1P7","2020",14,20
"L9X1P7","2021",2,8
"L9X1P8","2020",1,5
"L9X1R2","2018",1,1
"L9X1R2","2019",2,13
"L9X1R2","2020",1,1
"L9X1R3","2013",1,8
"L9X1R3","2014",1,2
"L9X1R3","2018",1,21
"L9X1R3","2020",1,7
"L9X1R3","2021",1,1
"L9X1R4","2014",1,2
"L9X1R4","2018",2,10
"L9X1S1","2014",1,1
"L9X1S1","2021",1,2
"L9X1S4","2018",1,2
"L9X1S4","2019",2,5
"L9X1S4","2021",1,1
"L9X1S6","2013",1,1
"L9X1S8","2015",1,6
"L9X1S8","2018",2,23
"L9X1S8","2020",1,2
"L9X1T1","2019",2,66
"L9X1T1","2020",1,6
"L9X1T1","2021",1,8
"L9X1T2","2013",1,1
"L9X1T2","2018",1,1
"L9X1T2","2019",1,6
"L9X1T4","2013",2,21
"L9X1T4","2014",5,41
"L9X1T4","2020",1,2
"L9X1T6","2012",1,9
"L9X1T6","2014",2,17
"L9X1T6","2015",1,22
"L9X1T6","2020",9,34
"L9X1T8","2016",2,4
"L9X1T8","2017",3,9
"L9X1T8","2018",1,8
"L9X1T8","2019",4,30
"L9X1T8","2020",4,29
"L9X1T9","2012",1,1
"L9X1T9","2014",1,2
"L9X1T9","2016",1,3
"L9X1T9","2020",2,1
"L9X1V1","2012",1,3
"L9X1V1","2013",1,11
"L9X1V1","2021",3,9
"L9X1V2","2012",1,1
"L9X1V2","2014",1,1
"L9X1V2","2020",3,14
"L9X1V3","2020",1,14
"L9X1V4","2019",2,1
"L9X1V4","2020",1,10
"L9X1V5","2020",1,9
"L9X1V8","2020",1,4
"L9X1V9","2014",1,1
"L9X1V9","2015",3,14
"L9X1W1","2013",1,1
"L9X1W4","2016",1,7
"L9X1W4","2018",1,2
"L9X1W4","2021",1,1
"L9X1W5","2013",1,1
"L9X1W8","2013",2,6
"L9X1W8","2015",1,16
"L9X1X1","2020",2,21
"L9X1X2","2019",1,22
"L9X1X2","2020",3,20
"L9X1X4","2019",1,1
"L9X1X5","2018",1,1
"L9X1X8","2021",1,1
"L9X1Y1","2018",1,3
"L9X1Y1","2020",1,3
"L9X1Y2","2018",1,30
"L9X1Y3","2013",1,1
"L9X1Y5","2018",1,16
"L9X1Y9","2013",2,2
"L9X1Y9","2014",1,3
"L9X1Y9","2018",1,8
"L9X1Y9","2019",1,5
"L9X1Y9","2021",1,1
"L9X1Z3","2012",1,1
"L9X1Z3","2014",1,1
"L9X1Z3","2019",1,1
"L9X1Z4","2019",2,5
"L9X1Z7","2017",1,1
"L9X1Z7","2018",2,21
"L9X1Z7","2019",1,8
NA,"2007",1,39
NA,"2008",1,15
NA,"2009",4,37
NA,"2010",1,3
NA,"2011",61,70
NA,"2012",98,110
NA,"2013",89,109
NA,"2014",118,161
NA,"2015",165,154
NA,"2016",172,132
NA,"2017",200,148
NA,"2018",268,179
NA,"2019",347,180
NA,"2020",516,200
NA,"2021",108,61
